{"@timestamp":"2019-01-31T19:29:34.717+05:30","level":"INFO","logger_name":"play.api.http.EnabledFilters","thread_name":"play-dev-mode-akka.actor.default-dispatcher-7","message":"Enabled Filters (see <https://www.playframework.com/documentation/latest/Filters>):\n\n    play.filters.csrf.CSRFFilter\n    play.filters.headers.SecurityHeadersFilter\n    play.filters.hosts.AllowedHostsFilter\n"}
{"@timestamp":"2019-01-31T19:29:34.717+05:30","level":"INFO","logger_name":"play.api.Play","thread_name":"play-dev-mode-akka.actor.default-dispatcher-7","message":"Application started (Dev)"}
{"@timestamp":"2019-01-31T19:29:34.985+05:30","level":"WARN","logger_name":"play.api.mvc.DefaultJWTCookieDataCodec","thread_name":"application-akka.actor.default-dispatcher-3","message":"decode: cookie has invalid signature! message = JWT signature does not match locally computed signature. JWT validity cannot be asserted and should not be trusted."}
{"@timestamp":"2019-01-31T19:29:34.985+05:30","level":"INFO","logger_name":"play.api.mvc.DefaultJWTCookieDataCodec","thread_name":"application-akka.actor.default-dispatcher-3","message":"The JWT signature in the cookie does not match the locally computed signature with the server.\nThis usually indicates the browser has a leftover cookie from another Play application,\nso clearing cookies may resolve this error message."}
{"@timestamp":"2019-01-31T19:29:35.138+05:30","level":"WARN","logger_name":"play.api.mvc.DefaultJWTCookieDataCodec","thread_name":"application-akka.actor.default-dispatcher-3","message":"decode: cookie has invalid signature! message = JWT signature does not match locally computed signature. JWT validity cannot be asserted and should not be trusted."}
{"@timestamp":"2019-01-31T19:29:35.138+05:30","level":"INFO","logger_name":"play.api.mvc.DefaultJWTCookieDataCodec","thread_name":"application-akka.actor.default-dispatcher-3","message":"The JWT signature in the cookie does not match the locally computed signature with the server.\nThis usually indicates the browser has a leftover cookie from another Play application,\nso clearing cookies may resolve this error message."}
{"@timestamp":"2019-01-31T19:29:35.138+05:30","level":"DEBUG","logger_name":"application.ErrorHandler","thread_name":"application-akka.actor.default-dispatcher-3","message":"onClientError: statusCode = 404, uri = /favicon.ico, message = "}
{"@timestamp":"2019-01-31T19:29:46.490+05:30","level":"WARN","logger_name":"play.api.mvc.DefaultJWTCookieDataCodec","thread_name":"application-akka.actor.default-dispatcher-4","message":"decode: cookie has invalid signature! message = JWT signature does not match locally computed signature. JWT validity cannot be asserted and should not be trusted."}
{"@timestamp":"2019-01-31T19:29:46.490+05:30","level":"INFO","logger_name":"play.api.mvc.DefaultJWTCookieDataCodec","thread_name":"application-akka.actor.default-dispatcher-4","message":"The JWT signature in the cookie does not match the locally computed signature with the server.\nThis usually indicates the browser has a leftover cookie from another Play application,\nso clearing cookies may resolve this error message."}
{"@timestamp":"2019-01-31T19:29:46.521+05:30","level":"TRACE","logger_name":"v1.post.PostActionBuilder","thread_name":"application-akka.actor.default-dispatcher-4","message":"invokeBlock: ","id":3,"host":"localhost:9000","remoteAddress":"0:0:0:0:0:0:0:1"}
{"@timestamp":"2019-01-31T19:29:46.521+05:30","level":"TRACE","logger_name":"v1.post.PostController","thread_name":"application-akka.actor.default-dispatcher-4","message":"index: ","id":3,"host":"localhost:9000","remoteAddress":"0:0:0:0:0:0:0:1"}
{"@timestamp":"2019-01-31T19:29:46.521+05:30","level":"TRACE","logger_name":"v1.post.PostRepositoryImpl","thread_name":"application-repository.dispatcher-9","message":"list: ","id":3,"host":"localhost:9000","remoteAddress":"0:0:0:0:0:0:0:1"}
{"@timestamp":"2019-01-31T20:56:52.414+05:30","level":"INFO","logger_name":"play.core.server.AkkaHttpServer","thread_name":"pool-10-thread-2","message":"Stopping server..."}
